{
    "header": {
        "code": 1,
        "message": "Data has been fetched Successfully"
    },
    "body": [
        {
            "source": "ZW",
            "total_users": 5
        },
        {
            "source": "ZM",
            "total_users": 3
        },
        {
            "source": "ZA",
            "total_users": 89
        },
        {
            "source": "YE",
            "total_users": 20
        },
        {
            "source": "VU",
            "total_users": 2
        },
        {
            "source": "VN",
            "total_users": 855
        },
        {
            "source": "VI",
            "total_users": 4
        },
        {
            "source": "VG",
            "total_users": 1
        },
        {
            "source": "VE",
            "total_users": 27
        },
        {
            "source": "VC",
            "total_users": 1
        },
        {
            "source": "UZ",
            "total_users": 1
        },
        {
            "source": "UY",
            "total_users": 6
        },
        {
            "source": "US",
            "total_users": 6195
        },
        {
            "source": "UG",
            "total_users": 3
        },
        {
            "source": "UA",
            "total_users": 630
        },
        {
            "source": "TZ",
            "total_users": 6
        },
        {
            "source": "TW",
            "total_users": 81
        },
        {
            "source": "TT",
            "total_users": 10
        },
        {
            "source": "TR",
            "total_users": 231
        },
        {
            "source": "TN",
            "total_users": 7
        },
        {
            "source": "TJ",
            "total_users": 3
        },
        {
            "source": "TH",
            "total_users": 352
        },
        {
            "source": "TG",
            "total_users": 8
        },
        {
            "source": "TD",
            "total_users": 2
        },
        {
            "source": "TC",
            "total_users": 2
        },
        {
            "source": "SY",
            "total_users": 12
        },
        {
            "source": "SX",
            "total_users": 5
        },
        {
            "source": "SV",
            "total_users": 9
        },
        {
            "source": "SR",
            "total_users": 2
        },
        {
            "source": "SO",
            "total_users": 4
        },
        {
            "source": "SN",
            "total_users": 4
        },
        {
            "source": "SL",
            "total_users": 1
        },
        {
            "source": "SK",
            "total_users": 66
        },
        {
            "source": "SI",
            "total_users": 12
        },
        {
            "source": "SG",
            "total_users": 354
        },
        {
            "source": "SE",
            "total_users": 188
        },
        {
            "source": "SD",
            "total_users": 3
        },
        {
            "source": "SC",
            "total_users": 1
        },
        {
            "source": "SB",
            "total_users": 2
        },
        {
            "source": "SA",
            "total_users": 118
        },
        {
            "source": "RW",
            "total_users": 4
        },
        {
            "source": "RU",
            "total_users": 6804
        },
        {
            "source": "RS",
            "total_users": 63
        },
        {
            "source": "RO",
            "total_users": 112
        },
        {
            "source": "RFC1918",
            "total_users": 5
        },
        {
            "source": "RE",
            "total_users": 8
        },
        {
            "source": "QA",
            "total_users": 21
        },
        {
            "source": "PY",
            "total_users": 1
        },
        {
            "source": "PT",
            "total_users": 423
        },
        {
            "source": "PS",
            "total_users": 6
        },
        {
            "source": "PR",
            "total_users": 6
        },
        {
            "source": "PL",
            "total_users": 308
        },
        {
            "source": "PK",
            "total_users": 101
        },
        {
            "source": "PH",
            "total_users": 360
        },
        {
            "source": "PG",
            "total_users": 2
        },
        {
            "source": "PF",
            "total_users": 2
        },
        {
            "source": "PE",
            "total_users": 21
        },
        {
            "source": "PA",
            "total_users": 17
        },
        {
            "source": "OM",
            "total_users": 31
        },
        {
            "source": "O1",
            "total_users": 45
        },
        {
            "source": "NZ",
            "total_users": 147
        },
        {
            "source": "NULL",
            "total_users": 2
        },
        {
            "source": "NP",
            "total_users": 9
        },
        {
            "source": "NO",
            "total_users": 128
        },
        {
            "source": "NL",
            "total_users": 479
        },
        {
            "source": "NI",
            "total_users": 9
        },
        {
            "source": "NG",
            "total_users": 289
        },
        {
            "source": "MZ",
            "total_users": 3
        },
        {
            "source": "MY",
            "total_users": 399
        },
        {
            "source": "MX",
            "total_users": 157
        },
        {
            "source": "MW",
            "total_users": 1
        },
        {
            "source": "MU",
            "total_users": 8
        },
        {
            "source": "MT",
            "total_users": 26
        },
        {
            "source": "MR",
            "total_users": 2
        },
        {
            "source": "MQ",
            "total_users": 5
        },
        {
            "source": "MP",
            "total_users": 1
        },
        {
            "source": "MO",
            "total_users": 16
        },
        {
            "source": "MN",
            "total_users": 3
        },
        {
            "source": "MM",
            "total_users": 198
        },
        {
            "source": "ML",
            "total_users": 1
        },
        {
            "source": "MK",
            "total_users": 8
        },
        {
            "source": "MG",
            "total_users": 4
        },
        {
            "source": "ME",
            "total_users": 11
        },
        {
            "source": "MD",
            "total_users": 14
        },
        {
            "source": "MC",
            "total_users": 4
        },
        {
            "source": "MA",
            "total_users": 49
        },
        {
            "source": "LY",
            "total_users": 4
        },
        {
            "source": "LV",
            "total_users": 44
        },
        {
            "source": "LU",
            "total_users": 21
        },
        {
            "source": "LT",
            "total_users": 24
        },
        {
            "source": "LK",
            "total_users": 7
        },
        {
            "source": "LC",
            "total_users": 6
        },
        {
            "source": "LB",
            "total_users": 24
        },
        {
            "source": "LA",
            "total_users": 15
        },
        {
            "source": "KZ",
            "total_users": 30
        },
        {
            "source": "KY",
            "total_users": 9
        },
        {
            "source": "KW",
            "total_users": 25
        },
        {
            "source": "KR",
            "total_users": 594
        },
        {
            "source": "KM",
            "total_users": 1
        },
        {
            "source": "KH",
            "total_users": 179
        },
        {
            "source": "KG",
            "total_users": 7
        },
        {
            "source": "KE",
            "total_users": 17
        },
        {
            "source": "JP",
            "total_users": 177
        },
        {
            "source": "JO",
            "total_users": 72
        },
        {
            "source": "JM",
            "total_users": 16
        },
        {
            "source": "JE",
            "total_users": 92
        },
        {
            "source": "IT",
            "total_users": 486
        },
        {
            "source": "IS",
            "total_users": 9
        },
        {
            "source": "IR",
            "total_users": 4613
        },
        {
            "source": "IQ",
            "total_users": 20
        },
        {
            "source": "IO",
            "total_users": 1
        },
        {
            "source": "IN",
            "total_users": 445
        },
        {
            "source": "IM",
            "total_users": 4
        },
        {
            "source": "IL",
            "total_users": 105
        },
        {
            "source": "IE",
            "total_users": 135
        },
        {
            "source": "ID",
            "total_users": 373
        },
        {
            "source": "HU",
            "total_users": 39
        },
        {
            "source": "HT",
            "total_users": 1
        },
        {
            "source": "HR",
            "total_users": 24
        },
        {
            "source": "HN",
            "total_users": 4
        },
        {
            "source": "HK",
            "total_users": 201
        },
        {
            "source": "GU",
            "total_users": 5
        },
        {
            "source": "GT",
            "total_users": 3
        },
        {
            "source": "GR",
            "total_users": 102
        },
        {
            "source": "GP",
            "total_users": 3
        },
        {
            "source": "GI",
            "total_users": 2
        },
        {
            "source": "GH",
            "total_users": 49
        },
        {
            "source": "GG",
            "total_users": 1
        },
        {
            "source": "GE",
            "total_users": 35
        },
        {
            "source": "GD",
            "total_users": 1
        },
        {
            "source": "GB",
            "total_users": 3039
        },
        {
            "source": "FR",
            "total_users": 1276
        },
        {
            "source": "FI",
            "total_users": 87
        },
        {
            "source": "ET",
            "total_users": 22
        },
        {
            "source": "ES",
            "total_users": 448
        },
        {
            "source": "EG",
            "total_users": 14
        },
        {
            "source": "EE",
            "total_users": 15
        },
        {
            "source": "EC",
            "total_users": 17
        },
        {
            "source": "DZ",
            "total_users": 15
        },
        {
            "source": "DO",
            "total_users": 26
        },
        {
            "source": "DM",
            "total_users": 3
        },
        {
            "source": "DK",
            "total_users": 137
        },
        {
            "source": "DJ",
            "total_users": 2
        },
        {
            "source": "DE",
            "total_users": 1169
        },
        {
            "source": "CZ",
            "total_users": 58
        },
        {
            "source": "CY",
            "total_users": 41
        },
        {
            "source": "CW",
            "total_users": 17
        },
        {
            "source": "CV",
            "total_users": 3
        },
        {
            "source": "CU",
            "total_users": 6
        },
        {
            "source": "CR",
            "total_users": 31
        },
        {
            "source": "CO",
            "total_users": 81
        },
        {
            "source": "CN",
            "total_users": 1920
        },
        {
            "source": "CM",
            "total_users": 24
        },
        {
            "source": "CL",
            "total_users": 26
        },
        {
            "source": "CI",
            "total_users": 91
        },
        {
            "source": "CH",
            "total_users": 149
        },
        {
            "source": "CG",
            "total_users": 2
        },
        {
            "source": "CD",
            "total_users": 2
        },
        {
            "source": "CA",
            "total_users": 1632
        },
        {
            "source": "BZ",
            "total_users": 3
        },
        {
            "source": "BY",
            "total_users": 117
        },
        {
            "source": "BW",
            "total_users": 1
        },
        {
            "source": "BS",
            "total_users": 7
        },
        {
            "source": "BR",
            "total_users": 112
        },
        {
            "source": "BO",
            "total_users": 4
        },
        {
            "source": "BN",
            "total_users": 5
        },
        {
            "source": "BM",
            "total_users": 2
        },
        {
            "source": "BJ",
            "total_users": 36
        },
        {
            "source": "BH",
            "total_users": 8
        },
        {
            "source": "BG",
            "total_users": 79
        },
        {
            "source": "BF",
            "total_users": 1
        },
        {
            "source": "BE",
            "total_users": 180
        },
        {
            "source": "BD",
            "total_users": 237
        },
        {
            "source": "BB",
            "total_users": 22
        },
        {
            "source": "BA",
            "total_users": 5
        },
        {
            "source": "AZ",
            "total_users": 6
        },
        {
            "source": "AW",
            "total_users": 3
        },
        {
            "source": "AU",
            "total_users": 1230
        },
        {
            "source": "AT",
            "total_users": 113
        },
        {
            "source": "AR",
            "total_users": 38
        },
        {
            "source": "AO",
            "total_users": 3
        },
        {
            "source": "AM",
            "total_users": 7
        },
        {
            "source": "AL",
            "total_users": 159
        },
        {
            "source": "AG",
            "total_users": 11
        },
        {
            "source": "AE",
            "total_users": 186
        },
        {
            "source": "AD",
            "total_users": 1
        },
        {
            "source": "A1",
            "total_users": 2
        },
        {
            "source": "",
            "total_users": 14
        },
        {
            "source": "Unknown Location",
            "total_users": 6
        }
    ]
}